{"cameraMode":{"drawMode":0,"name":"Shaded","section":"Shading Mode"},"sceneLighting":false,"audioPlay":false,"sceneViewState":{"m_AlwaysRefresh":false,"showFog":true,"showSkybox":false,"showFlares":true,"showImageEffects":true,"showParticleSystems":true,"showVisualEffectGraphs":true,"m_FxEnabled":true},"in2DMode":false,"pivot":{"x":193.9642333984375,"y":278.3282775878906,"z":436.6625061035156},"rotation":{"x":0.00008370091381948441,"y":0.9740596413612366,"z":-0.2263333648443222,"w":0.0002906947338487953},"size":0.8660253882408142,"orthographic":false}